{"A_cnt":1784404,"B_cnt":207358,"count":"all","localZ":{"shifts":[-4.410059471136875,-4.383991592293913,-4.844524118519569,-4.418748764084529,-4.232797895004736,-4.333593693197521,-3.4942079944541566,-3.9477890863216887,-3.096238377451609,-3.391674337671841,-3.714916035324565,-4.2154193091094285,-3.5359166006028953,-3.7357703383989342,-3.631498823027088,-3.5845766411097566,-3.667993853407234,-2.8303460132534006,-3.2839271051209327,-2.9380932458043083,-2.02224176912159,-2.5418614873912917,-1.9596788598984822,-1.9874845973309745,-2.3037748606255755,-1.8171744555569587,-2.2099304967909137,-2.2186197897385678,-2.632230134046892,-1.79805801107212,-1.589514980328427,-2.1108725571876596,-1.3549040707417725,-2.0483096479645515,-2.1560568805154596,-1.836290900041797,-1.7268058089013583,-1.8293394656836741,-1.6555536067305965,-0.9934294841193713,-1.1984967976840026,-0.9221772819486095,-1.0386138074471714,-0.8700415242626862,-1.118555302565587,-1.52868992969485,-0.8891579687475247,-0.9065365546428324,-1.0855359893645022,-1.0142837871937405,-0.8961094031056478,-0.12623804794351448,-0.5172562305879389,-0.4807612002077926,-0.47728548302873103,-0.42167400816374623,-0.7414399886374089,-0.7692457260699013,-0.44426616982764633,-0.9065365546428324,-0.19922810870380703,0.7305262366951576,0.4368281350644566,1.0068457524305507,0.6036625596594111,0.6870797719568882,0.7635455498962423,1.1371851466453589,0.4941774685189722,1.399601793664506,0.9616614291027507,0.9025742370587043,1.861872178479692,1.0989522576756818,0.8799820753948042,1.0329136312735125,2.186851734721947,2.0200173101269927,1.7419599358020688,2.4770741191735866,2.105172381014001,2.5622291900605947,3.283440504715866,3.1409361003743426,2.892422322071442,3.51631355571299,3.9125453141260067,3.469391373795659,3.530216424429236,3.7074780005613754,4.562504426610516,3.3877120200877124,5.181182084483472,5.129046326797549,5.613908873276635,5.975383459899037,5.784219015050652,7.4699418468955034,8.804617243655139,10.450369327940782,0.341245912640264,11.135085612215908,8.667326415082208,7.52902903893955,6.239537965507714,5.429695862786374,5.1898713774311265,4.30008777959137,4.7571445886379635,4.633756628781279,4.586834446863947,4.734552426974063,4.4929900830292855,4.232311294599669,4.072428304362838,3.6344879398010828,4.077641880131431,4.3470099615087,4.00986539513973,3.6796722631288827,3.3199355350960125,3.5267407072501746,3.865623132208676,2.6560735538952565,2.769034362214757,2.437103371614379,2.2129196135649085,2.6247920992837024,3.160052544859181,1.825377148099546,3.1948097166497966,1.8792507643749998,2.0373958960223004,1.863610037069223,2.720374321707895,2.256366078303178,2.6021999376198024,1.807998562204238,1.5421061980060295,1.1702044598464436,1.6724455922208377,1.3179224399565597,1.3127088641879672,0.2439258316265406,1.9817844211573157,1.608144824408199,1.4117668037912214,2.6717142812010333,1.576863369796645,0.7791862772020193,1.6828727437580224,1.1580394497197282,0.5428375090258339,0.6905554891359498,0.31517803379730236,0.9164771057749506,0.588021832353634,1.592504097102422,1.0572436515269432,0.22480938714170207,0.4941774685189722,0.5689053878687955,1.2362430862486131,0.9425449846179121,0.24740154880560214,0.11358643741173247,-0.10538374486914519,-0.14361663383882223,0.4333524178853951,0.1118485788222017,-0.19922810870380703,-0.39213041214172306,0.04754781100956302,0.06666425549440154,-0.1957523915247455,0.5167696301828723,0.40554668045290265,0.19179007394061734,-0.19749025011427626,0.15703290215000185,0.410760256221495,0.1605086193290634,0.5671675292792647,-0.1401409166597607,0.09099427574783239,-0.2444124320316072,-1.017759504372802,-0.8370222110616015,-0.6111005944226007,-1.026448797320456,-1.0403516660367023,-1.3166711817720953,-1.55128209135875,-2.143891870388744,-1.5947285560970195,-1.181118211788695,-1.2280403937060258,-1.6729321926259042,-1.7337572432594814,-1.8171744555569587],"step":500000,"window":50000000},"no_merge":false,"per_chrom":false,"random":"circle","swapped":true,"test":{"alt":"g","mean":127809.64,"num_perms":50.0,"observed":128006,"p_val":0.3137254901960784,"perms":[127493,127725,128167,128125,126593,127515,126963,127493,128835,127796,128410,127319,127432,128515,127493,127817,127744,126387,127413,127864,128458,128755,128074,127090,127249,128056,129293,127995,128904,127466,127854,128450,126783,128521,127717,127766,128255,127531,127478,127819,127437,127656,127830,127999,128556,127374,127817,127986,127593,127621],"std_dev":575.4208115805336,"z_score":0.341245912640264}}