{"A_cnt":337627,"B_cnt":16648,"count":"all","localZ":{"shifts":[-8.875912731458087,-8.883321461686858,-8.893424275635182,-8.896118359354734,-8.914303424461718,-8.922385675620376,-8.94057074072736,-8.956735243044678,-8.991758331398868,-9.004555229066744,-9.011290438365627,-9.05237521508881,-9.055742819738253,-9.07258084298546,-9.070560280195794,-9.081336615074006,-9.119727308077637,-9.127809559236297,-9.13858589411451,-9.14195349876395,-9.131850684815626,-9.113665619708643,-9.115686182498308,-9.121747870867303,-9.108950973199425,-9.112992098778754,-9.10693041040976,-9.086724782513112,-9.06853971740613,-9.062478029037136,-9.054395777878476,-9.041598880210598,-9.012637480225404,-8.97559382908155,-8.958082284904455,-8.932488489568701,-8.917671029111158,-8.908915257022612,-8.867830480299428,-8.840889643103898],"step":50,"window":1000},"no_merge":false,"per_chrom":true,"random":"circle","swapped":true,"test":{"alt":"l","mean":156348.377,"num_perms":1000.0,"observed":142790,"p_val":0.000999000999000999,"perms":[158126,155242,158138,155734,156134,155403,158151,157328,157509,155929,155686,154586,156379,156062,157090,156077,156656,158293,153307,156883,157735,156723,158874,158972,158298,158093,157248,158734,152881,156962,156528,156705,158360,157544,158030,155595,157736,156508,155920,157495,156942,156443,152455,157675,155623,156056,157449,153988,155268,155812,158404,156280,155073,156910,158078,156322,157705,157592,159598,153276,157255,156440,157230,155577,154915,156960,160582,154494,156527,157366,156839,155050,153583,158652,155773,156025,156659,155299,154820,156354,156558,153771,158044,158803,157027,154641,156394,157376,156045,158019,156022,157985,157129,157904,157552,155946,156719,155764,157080,155718,154604,155818,156182,157818,155823,158029,155399,155628,157243,156450,157403,156019,155033,158476,157528,157287,157490,153430,154824,154566,157808,155583,159279,155938,157379,154817,154872,156508,156770,156697,157049,156089,156054,154345,158658,155532,156979,154593,157653,154102,153190,155959,157164,156099,156227,155546,155292,157876,157036,156938,158475,155936,158805,156779,155100,155702,155936,156708,157794,155157,157558,154996,154366,157908,159213,154991,156197,155147,157881,158908,157247,151221,155607,158088,155547,157001,156576,155430,155308,158091,155124,156200,157183,156123,158697,154136,157865,158309,156594,159109,155512,156695,158329,157978,156588,156598,157000,158757,157829,156756,157732,154670,154970,155056,156315,155508,155219,157252,156313,155477,158857,155665,156540,157111,157840,157560,160241,152853,156823,155022,157264,157215,154328,154443,154720,156034,151103,153572,154830,155797,153143,158423,156750,154199,155905,156042,153988,155092,157738,158293,155939,155330,155621,154737,157004,160322,156243,155303,155289,155630,155582,157700,153926,154810,158712,156765,154292,158405,153906,157422,156529,152927,154729,157729,157124,156002,155013,157063,157140,155644,157024,156794,155622,158965,157755,159029,156561,155873,154732,154626,155234,156260,157128,154114,156132,155702,156305,157351,155623,155897,155927,154214,157097,156811,154766,158941,154849,158039,156915,156756,155500,153645,156307,155663,158413,156127,155416,156288,156926,151802,158928,157724,154501,157864,157704,157526,158343,157547,157072,156448,153246,158266,157561,156620,159759,158559,155807,156568,154843,157307,152944,155435,157293,154526,154134,156873,157202,155960,156647,155862,153988,154563,155770,156259,155787,156192,155912,155549,156528,155386,156834,156603,154660,157132,156356,156391,156136,154637,155505,155589,155186,155683,155205,154978,157201,154344,158507,156059,157867,157215,157401,154702,156024,154760,153342,155631,157811,156438,154135,158096,158370,155825,156250,155864,160552,155622,156562,158058,155809,156893,155057,157843,154714,157108,154274,155588,158018,156440,157116,156772,156109,154186,156844,157931,158185,154617,156053,157511,156244,156461,155850,154866,153779,155581,156299,155253,154564,156054,157193,154886,154726,154579,154618,156377,155138,154581,156185,155766,156795,154100,156200,157183,158520,154357,154092,155059,157506,155260,157508,157673,153676,157044,156682,156186,157297,158332,154710,156698,159536,157498,156608,157127,157890,156004,158471,156032,154795,156979,155934,155498,156302,157379,156706,157840,157560,158410,158439,155725,157315,155527,153582,154511,156882,157355,155647,156990,156171,158080,157280,156680,156377,155042,155404,157171,157679,156739,158223,155860,156196,156278,156525,156098,156789,157272,159303,155737,158438,156090,155069,154853,155582,154905,158138,156392,156508,156119,156143,157051,158173,155881,156798,157600,155062,156369,157600,155606,156928,156006,158190,155639,156958,155254,155952,154076,154158,156522,155921,157544,154233,156691,158636,155018,156514,155481,155906,155595,157736,156508,155920,155226,156741,157936,157462,155585,156874,156799,155747,158173,155127,155594,156273,156764,156068,155374,158047,158368,156226,157746,156064,153711,156090,157825,156164,156870,157101,154684,159080,156684,157272,158798,157790,156017,156551,153545,154569,155037,156488,157965,158006,154748,154792,156252,156076,158266,157507,156325,158070,155086,158247,155256,157569,153347,157523,155102,157900,157146,155828,157349,157330,155800,158175,159303,156829,158863,153472,157466,159503,156744,154849,155818,157616,157690,153986,154866,155779,158212,156343,154405,155640,154191,154336,157809,156730,156497,156910,156418,158270,156699,157026,155656,156689,158310,155106,156099,158036,157793,156248,156622,153094,156215,154121,154769,155143,157107,158418,159885,154769,158776,154554,154804,154988,158189,156345,154032,157774,154830,154825,156122,156879,156120,156351,158942,156474,155690,155424,154684,156248,154020,155858,158235,156896,157068,156480,156827,154474,156855,155797,156024,156154,155235,156716,153633,155824,154177,155516,154664,159366,158376,156684,156554,156169,157583,156040,157416,153892,157305,157000,156113,155364,155605,156717,159724,158142,158741,155519,155816,156911,155507,149723,156237,156230,155958,154272,153953,157312,158908,155449,157390,157121,157315,158230,154950,156730,159524,155549,156202,155162,156266,157948,156542,157948,156122,155579,159344,156659,159965,156918,157911,155520,158437,153639,154456,156138,155023,157474,160322,156243,155303,155289,156536,157060,154608,157925,153699,159635,153939,155227,155675,158232,152649,156948,158782,155313,156638,157089,155931,157163,154581,158446,158608,154435,156255,156815,158099,156307,156034,156308,156259,158851,159343,157975,156269,156163,156753,156411,155515,159025,157193,157535,155677,150863,155396,156787,157688,155232,158770,157328,153107,155491,157958,159157,154791,158024,155473,155770,155903,155236,157820,157980,158374,155406,156826,156186,157370,155826,156654,155621,157234,156968,154474,156756,156252,155237,154267,157314,156364,157635,155088,157637,156337,155762,154947,155285,154341,157296,156844,158181,155315,155388,156794,158442,156062,156157,157100,158593,156268,154199,154857,156042,156787,158115,154089,155374,157288,154588,154203,154378,155569,153390,155677,156034,156066,160420,156897,158658,157242,157282,156339,154195,155373,155627,155126,156034,154702,157860,156311,155506,154987,157448,156993,157917,155874,154779,155702,154383,154801,156127,152629,157272,156662,153830,157457,154125,155098,157320,156122,159039,154106,154697,153773,157741,155110,154302,156402,156324,156670,155898,155347,158113,157035,156326,157167,154683,157253,158238,156414,155732,158939,157037,156208,155775,156877,153943,158263,158348,159489,157340,158143,157262,156411,158516,157633,156044,156732,157686,155030,155377,154696,155565,154960,154808,155880,158525,158115,155361,155197,155521,156011,156137,157378,157351,156162,156162,157468,153770,155270,157023,155086,155640,155469,157719,158005,156646,155960,157998,158363,153174,154287,155770,157840,156014,156696,155458,155963,157916,155218,156208,158005,156779,153958,154296,156465,157624,153946,157705,154522,157315,156152,157538,156227,154725,156222,158012,156066,153856,156338,154181,