{"A_cnt":1446782,"B_cnt":16648,"count":"all","localZ":{"shifts":[-0.16764008709347641,-0.1671973262919607,-0.1756097815207593,-0.15634968665482568,-0.15236483944118426,-0.1479372314260271,-0.14018891739950207,-0.13487578778131348,-0.1317764621707035,-0.12358538734266275,-0.11207360650325415,-0.10498943367900271,-0.08130173079791195,-0.06779752635168262,-0.060934733928189044,-0.03857531345164542,-0.010902763356913215,0.029167089180259016,0.05064098805377121,0.07499283213713555,0.06967970251894696,0.06281691009545338,0.04134301122194119,0.01765530834085042,-0.006696535742513921,-0.03901807425316114,-0.06602648314561976,-0.08085896999639623,-0.08838590362216339,-0.10056182566384556,-0.11716535572068489,-0.12934127776236706,-0.14505928621617495,-0.14882275302905854,-0.15900625146391997,-0.16276971827680356,-0.16631180468892928,-0.17428149911621216,-0.16675456549044498,-0.16896836949802357],"step":50,"window":1000},"no_merge":false,"per_chrom":true,"random":"circle","swapped":true,"test":{"alt":"g","mean":656291.249,"num_perms":1000.0,"observed":656606,"p_val":0.4515484515484515,"perms":[663810,660673,650938,656267,665861,658530,655192,665801,659881,658432,652087,655292,652682,656736,659853,656923,651834,637553,653183,649311,655162,655961,656163,655549,653882,660994,658285,663940,657843,656074,661350,658943,662849,652009,652091,660258,655922,655183,657775,658415,660826,658532,663175,656649,662681,657094,650877,660100,661807,651932,652698,664954,658190,652137,653799,652523,656758,661203,657844,661224,654408,656882,655102,655766,658572,661710,663701,649224,654424,654158,653512,649609,653405,661604,663545,663185,659569,662554,657073,648745,657565,660850,653565,653241,660880,653494,654379,653100,652347,661667,652660,654841,657277,660490,654350,661612,657730,650613,660099,660175,653358,651868,659363,662496,659084,652891,659927,665128,650968,652876,656006,659296,657731,652724,661903,653602,650262,653140,654832,653220,654202,654615,653109,648948,662901,653316,655033,663947,649993,657668,664273,654403,656545,647406,661308,650358,662974,657676,652486,662342,652934,655676,655915,653692,652023,664405,657465,659792,656121,660438,656277,656519,659438,659071,653114,656666,657583,651780,654408,665723,655049,654687,665166,654462,657291,650955,649265,656959,653783,663475,654118,657426,655679,658971,638805,653351,650864,648458,648579,662886,647454,653381,652434,661532,649625,654558,660099,654133,656534,655521,654681,655354,658394,655459,658824,650319,661084,650562,659932,658461,662784,659488,653092,649664,653759,662305,645997,654545,656996,660232,659126,660544,639948,651662,653891,653797,657304,651189,653057,662536,653404,653048,654147,653579,655780,649797,656821,651488,659224,662286,658035,660121,654726,660925,664393,659902,651901,664135,660709,663419,653425,659186,659543,651656,651089,661299,662117,650614,652635,648927,652087,654174,653746,651567,655163,660272,654873,646809,653206,659038,659899,656759,665180,658236,653527,654950,661371,657144,662666,659374,650254,657707,655738,654551,653334,657436,656087,657792,659515,661542,653936,656357,656649,648315,654800,665953,656995,656522,652705,658920,650833,655734,662333,661454,651649,664389,653992,652596,657973,651971,654165,651956,656849,658916,657153,658017,660198,655717,649801,649372,654062,663938,657090,650876,661776,652112,653896,659116,652379,660430,661398,658790,662246,661122,660969,648213,658813,654346,657218,655783,652830,659745,652202,662942,649020,659765,661311,656947,650069,653558,658793,653057,651706,659387,653086,654033,664942,660502,660823,657223,655817,654108,663044,660196,651491,651585,660270,655789,649319,654681,654448,658409,656484,655932,658790,657963,656989,657980,650376,659409,653730,655336,661027,659929,655636,653183,650568,654833,655172,654397,651996,653675,660045,656709,651722,654813,647923,659215,661880,660281,658570,660009,652069,655403,653213,653271,654105,656492,657106,660095,663347,653921,653054,654599,649861,661577,657549,657045,655579,659528,660425,665166,654462,654700,657724,654647,647895,657291,656331,650936,663365,655391,657835,654877,652351,663161,663287,660142,651615,649622,656547,651544,650899,648985,651319,659708,654104,659556,663127,655118,663538,653102,655373,657415,649442,666073,648700,661158,649993,655771,653892,657947,654257,653265,657276,656644,655707,657397,654103,655621,658434,660985,653590,661979,649463,656104,653612,661542,656095,654796,656362,657559,659065,651553,650744,650700,651010,661084,651035,661587,656133,657546,648249,656385,660393,660797,663020,655988,647471,652376,652967,656413,662420,661492,655581,666102,651346,651715,661170,664005,655979,654042,655931,656900,653471,651407,654216,653207,653038,656284,661927,656524,659580,653639,650412,657040,658396,656190,649768,661279,662741,663399,654813,654551,653334,657436,656087,654001,664144,638883,654022,651630,652204,661788,656991,659949,659341,655383,655522,653686,662825,653900,653033,657018,657078,655507,655759,661762,655439,659567,665921,662462,657865,651060,656893,657974,647897,656518,653649,650287,661600,657661,645441,651509,650051,652484,653471,658660,655599,659095,658984,653812,655500,651708,662431,662583,656033,653525,659940,659712,652556,654056,653621,664467,657935,654379,662625,661619,656505,653755,644519,659689,656098,653828,653703,662618,652762,648492,645766,652530,650679,653289,659430,654448,653054,662926,655521,653935,659860,659731,649841,656248,654366,654410,653446,663316,662300,660877,658890,660580,663353,655044,658862,654763,652109,662297,655483,656205,657758,655785,660983,658767,654861,657530,663226,656188,661132,655695,659614,650645,657689,660015,655934,657584,665523,657805,661372,654083,661254,658027,649794,655027,659357,652456,654216,658120,654596,664000,658118,651885,654744,649343,660343,661753,654760,657029,658052,661051,655400,650250,653445,661113,652768,661207,655885,656162,651935,664290,656359,650559,657625,655371,653649,652585,659287,655583,653913,654149,652846,652452,652865,652504,661617,654139,652834,656454,661815,661445,660504,658023,650141,653539,655563,662464,663829,653691,655021,662499,660602,663393,649437,664343,654791,650912,657561,655440,653741,660962,657325,662629,653772,658413,649402,660393,659452,655303,650797,658839,664538,658726,651167,660678,655252,651607,659795,658014,656529,655793,653944,663771,654734,658044,644453,658614,656457,663123,656509,656514,654915,650552,653947,658468,655922,662733,658551,663024,658966,661213,657144,653643,661495,658498,656894,654019,654579,654822,651742,657408,657387,659155,653770,663878,657850,668370,659193,654190,651527,656169,663224,658294,653432,664667,657722,659464,653123,649550,654000,654996,658742,655045,651362,655293,659973,646338,654084,654239,661465,647802,655169,658849,660479,654218,655005,655147,663499,652645,659101,653672,658206,664869,659946,663546,654851,659174,654347,653005,657490,649099,652342,657167,652890,653562,661829,660585,652276,656178,654667,650752,650464,652022,658136,657650,639868,654008,661317,653844,656329,649941,661865,657983,662809,662050,659776,653841,650133,653915,656354,659407,659226,648755,648588,658559,651439,652863,656551,651042,659418,656477,655158,656576,653254,647798,651956,655772,662103,652166,653649,654525,651593,654204,658766,652886,650472,655909,647838,658211,651755,658042,654727,653312,665816,663100,647240,653058,661500,656257,655093,661741,664549,662879,656684,654469,656987,656239,657887,651547,651501,656215,660157,664424,658707,654932,653992,650878,653082,654868,658584,649003,661148,658295,656482,644746,654632,652837,648377,661233,658296,655768,662775,649325,655984,660948,649166,650400,656895,651877,646719,653365,654304,656815,663259,655801,661760,653383,659229,651159,657307,658908,658688,666222,658766,655284,664308,652500,657185,660156,661318,662779,652322,660790,659578,659467,662302,663760,650006,662255,652505,660360,652422,651116,661454,637782,658775,663506,658124,652438,652127,656006,649848,654515,661151,654860,648978,665196,661173,655091,658535,655547,664699,652592,654673,658584,650479,654136,657046,