{"A_cnt":122229039,"B_cnt":1784416,"count":"all","localZ":{"shifts":[71.15143252733449,72.15659202791016,73.25003609422777,74.68920973149335,76.02190102718122,77.58737455292925,79.48512650726985,81.61794245613302,83.98542802047585,86.37509740598071,89.40690038308979,92.46791557930368,95.85115253851667,100.16340567309778,104.503307595578,108.87608382827543,116.63058992884343,124.3810254742903,133.97560559417764,170.1175997110736,199.32626940447355,156.8824643914596,133.0184758270385,124.71189540630115,115.76389972721626,108.95112852614925,105.06143845104869,100.21395661541557,96.15606387852651,92.9214796485478,89.84719641453415,86.99473730717494,84.70059215984205,82.15893190820424,80.01535504545677,78.20925396368841,76.63152651767945,75.2399882348075,73.90646592613642,72.67486243011831],"step":50,"window":1000},"no_merge":true,"per_chrom":false,"random":"shuffle","swapped":true,"test":{"alt":"g","mean":10023806.836,"num_perms":1000.0,"observed":24175511,"p_val":0.000999000999000999,"perms":[10028597,10059032,10098802,10100456,10079096,10051088,9932853,10057198,10203404,9978185,10052133,10042942,10103988,9964366,10012653,10004096,10063401,10165009,10150765,9931287,9974675,10087589,10012289,10118264,9973667,9980801,10138047,9999529,9955518,10022507,9950818,10000471,9946296,10167972,9917120,9998706,10054270,9900226,10047597,10012917,9972171,10016888,9998303,10054838,9989362,9991661,10119892,10044377,10005747,10012502,9996861,9999558,10007643,10082506,10003511,10029179,10012555,9880983,10018842,9939891,10068025,9944517,10018285,9982523,10085980,9834096,10113687,10028300,10019376,10082918,9971539,10088492,10076950,10088996,10110278,9995922,10128884,9946855,10022793,10065256,10029700,9990106,10006902,10101200,9963927,10042262,10164242,10025043,10005909,10032430,10133015,9988138,10076482,10094832,10004112,10062021,9906036,10050110,10070063,9884363,10147868,10090534,10031032,10044510,10024558,9998487,9976921,10076892,10088793,10061971,10013082,10051482,9950528,9923875,10053573,9971654,9922720,10070957,10057469,10021636,9994705,10008434,9969552,10044934,10079650,10205958,10003837,10063681,9997978,10101049,10179068,9941802,9949891,9960043,10060911,9841197,10173224,10025941,10034012,10141600,10106704,9977469,10024734,9983322,10061355,10100924,10020995,10105490,9945990,10023892,10039039,10111879,10021720,9918315,9993000,10073057,10095265,10067887,10147698,9967290,9967645,10315861,10146061,9954871,10071702,10169655,10046406,9983504,10022305,9980351,10066356,9966849,9974629,9995978,10115310,10086586,10074879,9993478,9992183,10005306,10001565,10050475,9960095,10095439,10047176,10071022,10068465,10092220,10008881,10077747,10027842,9958487,10038384,10083962,10028878,10149772,10050794,10131080,9991561,9989458,10175221,9961780,9987440,10027504,10131899,10089497,10206692,9984884,10018264,9960749,10089423,9952362,10093578,10033698,10016097,9989175,10014774,10124855,9976320,9999957,10101538,9937055,10075026,9976281,9976029,9933751,9986713,10017189,10077530,10079629,10138223,9934032,9938560,9963619,9993879,10033209,10024701,10008583,10022012,9945537,9894085,10085082,10020237,10072153,10021851,10113053,10140524,10118285,10072499,10044726,10044237,10013337,10184366,10025891,10009125,10015329,10006609,9889321,10089279,9948794,10007499,10174537,10074222,9915101,10049379,10012380,9906718,10031412,10010959,9936612,10057344,10072523,10106936,9949381,10083390,9978323,9963038,9995632,10010438,9908693,10151312,9961518,9896688,10003504,9935207,9903919,9996383,9888789,9990729,10063660,10050666,10033905,10072624,9982561,9983045,9966497,9965506,10123278,10012397,9959707,10039518,10003355,10026877,10071049,9947550,10140166,9977420,9965620,9981515,9890528,10092175,10108225,10017557,9900954,10145795,9990101,9975718,9973622,10109979,9912551,10024897,10040676,10051356,9924580,10053350,9938712,10010717,10033578,10005402,9928091,10033278,10035996,9936448,9969661,10019374,9920976,10031280,10006985,9984920,10047720,10063755,9898057,10098379,10133597,9979892,9912878,10029868,10051685,10126450,9994488,9932976,10011791,10069732,9889164,10073580,10045503,10081911,10049228,10025787,9984779,9903933,9997865,9941250,10030775,9914808,10023428,10119576,9917831,9990721,9912133,10014308,10012604,9934737,9954018,9963623,9927968,10019558,9983223,9966710,10055003,9895215,10025511,9977027,10046975,10141136,10051015,10070547,9986504,10053480,10064177,10061058,10064859,10048960,10020173,10035757,9931936,10155334,10008235,10058686,10069396,10132175,10095948,9893671,10105717,9960942,10095586,10036792,9954024,9933669,9959292,9962136,9994557,9989631,10086859,10046874,9912973,9967232,10026572,9993651,10076984,9919379,9953299,10025565,10071628,9939556,10050179,10054331,10082588,10154097,9929126,10034623,10101141,9924777,10048054,10045410,9904617,9916054,10083267,9981081,10016441,10118218,9979702,10075518,10029255,10064249,10017101,10086708,10004607,9981227,10073895,10042649,9955078,10118662,10039015,10086312,10051624,10166944,10094090,9811052,10067357,10055668,9996042,10107919,10111242,10056891,10041854,10031383,10065689,10033366,9948919,10038204,9934246,10057306,10093083,9908402,10054953,10054255,10023784,9952023,9947467,9895241,10083218,10136068,10006016,10206431,10083591,10035537,10006087,9916150,10099453,10109688,10075582,9829797,9993710,10145186,9994638,10131318,10109436,10006519,10030215,9948742,9929636,10039435,9997899,9971986,10063514,9937152,10104846,9893369,10035554,10005623,9979187,9943040,10210298,10019022,10044288,10193442,10020423,9957456,9978238,10098265,9911705,10001029,10141965,10117516,10025417,10008452,10063183,9922027,9931417,9961993,9992354,10147928,9920452,9906999,9993630,10146056,9939503,9937781,10033804,10161377,10034312,10061167,10087665,9937807,10013732,10141961,10116793,10079095,10036542,10086595,9953497,10005211,10151760,10031939,9960196,9984408,10039360,10012314,9954180,10030864,10004738,9983320,10070723,9975083,9980259,10060534,9953920,10002834,10180316,9964138,10042801,9931419,10026496,9936637,10013059,9961438,10051184,10024640,9985627,9945610,9946417,9981025,9929782,9999455,10030654,10060526,10110008,10006229,9957984,10006806,10049661,9982562,9971196,9945452,10067932,9943458,10170195,10145080,9982398,10026287,10157660,10064765,10075440,9994958,9919920,9902679,10028048,10020166,9927585,10085532,10069542,10112158,10167672,10063151,10056739,10072997,10098317,9915023,9937637,10051679,10054269,9949384,10019534,9878732,9934967,10143948,9885252,10111125,10076688,9993330,10008429,9981003,10053831,10059115,10047322,10086132,10036878,10039918,10109432,9987065,10080198,9929592,10087728,9995989,10050325,10004748,10115913,10078902,10022028,9895204,10139929,10023642,10230934,10130140,9879220,10038102,10041519,10139462,10071064,9901165,10044671,10031255,9974849,10122516,10092726,10128111,10200871,9990338,10108704,10003425,10019010,9985002,10150976,10065895,10041358,10063174,10019579,9945318,10115575,9988120,9993181,9910778,10062899,9895529,10052650,10034380,9968559,10118609,10070902,9951012,10013944,10069246,10042468,10060672,10159301,10022219,9986501,9965126,10081432,10064527,10012533,9977077,9993152,9998204,9899111,10062517,9883622,10116596,10068261,10028435,10177122,10079219,10128568,9977106,10104149,10127098,10046768,10065006,10130308,10133844,10031444,10068236,10043030,9929300,9923613,10010331,10005381,9979884,9973354,9968942,9980555,10151673,9870826,10079407,10080680,9904321,9911563,9918740,10017368,10057115,10111405,9937350,10117434,10004243,9955525,10058820,10030293,10102798,10024873,10022188,9946607,10051068,10068583,9989053,10148229,10026640,10089407,9835881,10084814,9995063,10092888,10077513,10067022,9969205,9964641,10043373,10100010,10089437,10021491,10183842,9969733,10064369,9993958,10003436,10079840,10105963,10046198,10089531,9848760,10050913,9889880,9979565,10089338,10019262,10032498,10064624,9984964,10001399,9970659,10071178,9975255,10066133,10097313,10049271,9990087,10010186,9916341,9963716,9947800,9937630,10036077,10021089,10064526,9977103,10041577,9908195,9926863,10165235,9917898,